Code;Typ;Klasse;Bewerb;Leistung;Wind;Name;Vorname;Nation;YOB;RNAT;RORT;Datum;Geschlecht;Umgebung
CR;;MT11;100;0:10.93;-0.5;Ghavelas;Athanasios;GRE;1999;FRA;Paris;2023-07-15;Male;Outdoor
CR;;MT12;100;0:10.54;1;Kashafali;Salum Ageze;NOR;1993;UAE;Dubai;2019-11-12;Male;Outdoor
CR;;MT13;100;0:10.54;0.6;Smyth;Jason;IRL;1987;UAE;Dubai;2019-11-13;Male;Outdoor
CR;;MT33;100;0:17.00;0.2;Almutairi;Ahmad;KUW;1994;GBR;London;2017-07-15;Male;Outdoor
CR;;MT34;100;0:14.89;1.6;Ktila;Walid;TUN;1985;UAE;Dubai;2019-11-10;Male;Outdoor
CR;;MT35;100;0:11.77;0.4;Tsvietov;Ihor;UKR;1994;UAE;Dubai;2019-11-15;Male;Outdoor
CR;;MT36;100;0:11.72;0.7;Turner;James;AUS;1996;UAE;Dubai;2019-11-10;Male;Outdoor
CR;;MT37;100;0:11.44;0.7;Vdovin;Andrei;RUS;1994;UAE;Dubai;2019-11-11;Male;Outdoor
CR;;MT38;100;0:10.93;0.2;O'Hanlon;Evan;AUS;1988;FRA;Lyon;2013-07-22;Male;Outdoor
CR;;MT45;100;0:10.99;-0.1;Nascimento;Yohansson;BRA;1987;FRA;Lyon;2013-07-24;Male;Outdoor
CR;;MT46;100;0:10.42;0.3;Ferreira dos Santos;Petrucio;BRA;1996;UAE;Dubai;2019-11-12;Male;Outdoor
CR;;MT47;100;0:10.42;0.3;Ferreira dos Santos;Petrucio;BRA;1996;UAE;Dubai;2019-11-12;Male;Outdoor
CR;;MT51;100;0:20.33;0.4;Piispanen;Toni;FIN;1976;UAE;Dubai;2019-11-07;Male;Outdoor
CR;;MT52;100;0:16.83;0.4;Martin;Raymond;USA;1994;GBR;London;2017-07-22;Male;Outdoor
CR;;MT53;100;0:14.38;0.7;Lakatos;Brent;CAN;1980;QAT;Doha;2015-10-22;Male;Outdoor
CR;;MT54;100;0:13.63;-0.9;Paeng-Nuea;Athiwat;THA;2002;FRA;Paris;2023-07-15;Male;Outdoor
CR;;MT62;100;0:10.54;1.6;Floors;Johannes;GER;1995;UAE;Dubai;2019-11-10;Male;Outdoor
CR;;MT63;100;0:12.03;0.3;Schaefer;Leon;GER;1997;JPN;Kobe;2024-05-25;Male;Outdoor
CR;;MT64;100;0:10.61;1.4;Browne;Richard;USA;1991;QAT;Doha;2015-10-29;Male;Outdoor
CR;;MT72;100;0:15.39;-2.3;Calcagni;Carlo Fabio Marcello;ITA;1968;JPN;Kobe;2024-05-17;Male;Outdoor
CR;;MT11;200;0:22.55;-0.9;Prado;Lucas;BRA;1985;FRA;Lyon;2013-07-21;Male;Outdoor
CR;;MT12;200;0:21.78;-1.6;Michalski;Mateusz;POL;1987;FRA;Lyon;2013-07-21;Male;Outdoor
CR;;MT13;200;0:21.05;1.7;Smyth;Jason;IRL;1987;FRA;Lyon;2013-07-21;Male;Outdoor
CR;;MT33;200;0:30.39;1.1;Almutairi;Ahmad;KUW;1994;FRA;Lyon;2013-07-21;Male;Outdoor
CR;;MT34;200;0:27.14;-1.5;Ktila;Walid;TUN;1985;GBR;London;2017-07-21;Male;Outdoor
CR;;MT35;200;0:23.04;1.1;Tsvietov;Ihor;UKR;1994;UAE;Dubai;2019-11-09;Male;Outdoor
CR;;MT36;200;0:24.09;-0.2;Turner;James;AUS;1996;GBR;London;2017-07-17;Male;Outdoor
CR;;MT37;200;0:22.59;1.7;Vdovin;Andrei;RUS;1994;QAT;Doha;2015-10-22;Male;Outdoor
CR;;MT38;200;0:21.95;0;O'Hanlon;Evan;AUS;1988;FRA;Lyon;2013-07-24;Male;Outdoor
CR;;MT45;200;0:21.91;0.2;Nascimento;Yohansson;BRA;1987;FRA;Lyon;2013-07-22;Male;Outdoor
CR;;MT46;200;0:21.21;-0.2;Ferreira dos Santos;Petrucio;BRA;1996;GBR;London;2017-07-22;Male;Outdoor
CR;;MT47;200;0:21.21;-0.2;Ferreira dos Santos;Petrucio;BRA;1996;GBR;London;2017-07-22;Male;Outdoor
CR;;MT51;200;0:37.90;0.9;Genyn;Peter;BEL;1976;UAE;Dubai;2019-11-13;Male;Outdoor
CR;;MT52;200;0:31.48;-0.9;Martin;Raymond;USA;1994;FRA;Lyon;2013-07-25;Male;Outdoor
CR;;MT53;200;0:25.29;0.7;Lakatos;Brent;CAN;1980;GBR;London;2017-07-16;Male;Outdoor
CR;;MT54;200;0:24.86;-0.4;Gharbi;Yassine;TUN;1990;GBR;London;2017-07-18;Male;Outdoor
CR;;MT61;200;0:23.23;0.7;Mahlangu;Ntando;RSA;2002;UAE;Dubai;2019-11-14;Male;Outdoor
CR;;MT64;200;0:21.27;0.9;Browne;Richard;USA;1991;QAT;Doha;2015-10-25;Male;Outdoor
CR;;MT11;400;0:50.38;;Mendes Da Silva;Daniel;BRA;1979;FRA;Lyon;2013-07-27;Male;Outdoor
CR;;MT12;400;0:47.47;;Yildirim;Serkan;TUR;1991;JPN;Kobe;2024-05-23;Male;Outdoor
CR;;MT13;400;0:46.44;;Athmani;Skander Djamil;ALG;1992;JPN;Kobe;2024-05-23;Male;Outdoor
CR;;MT20;400;0:47.62;;Tavares Martins;Daniel;BRA;1996;UAE;Dubai;2019-11-10;Male;Outdoor
CR;;MT33;400;0:57.95;;Almutairi;Ahmad;KUW;1994;FRA;Lyon;2013-07-26;Male;Outdoor
CR;;MT34;400;0:48.65;;Rattana;Chaiwat;THA;1996;FRA;Paris;2023-07-11;Male;Outdoor
CR;;MT35;400;1:00.55;;Boukhalfa;Allel;ALG;1988;NZL;Christchurch;2011-01-29;Male;Outdoor
CR;;MT36;400;0:51.71;;Turner;James;AUS;1996;UAE;Dubai;2019-11-14;Male;Outdoor
CR;;MT37;400;0:50.45;;Vdovin;Andrei;RUS;1994;UAE;Dubai;2019-11-09;Male;Outdoor
CR;;MT38;400;0:48.49;;Blackwell;Jaydin;USA;2004;FRA;Paris;2023-07-13;Male;Outdoor
CR;;MT46;400;0:46.78;;Sadni;Ayoub;MAR;1999;FRA;Paris;2023-07-14;Male;Outdoor
CR;;MT47;400;0:46.78;;Sadni;Ayoub;MAR;1999;FRA;Paris;2023-07-14;Male;Outdoor
CR;;MT51;400;1:21.63;;Genyn;Peter;BEL;1976;GBR;London;2017-07-17;Male;Outdoor
CR;;MT52;400;0:54.19;;Carabin;Maxime;BEL;2000;FRA;Paris;2023-07-13;Male;Outdoor
CR;;MT53;400;0:46.11;;Paeyo;Pongsakorn;THA;1996;FRA;Paris;2023-07-11;Male;Outdoor
CR;;MT54;400;0:45.57;;Gharbi;Yassine;TUN;1990;GBR;London;2017-07-20;Male;Outdoor
CR;;MT62;400;0:45.78;;Floors;Johannes;GER;1995;UAE;Dubai;2019-11-15;Male;Outdoor
CR;;MT64;400;0:50.63;;Prince;David;USA;1983;FRA;Lyon;2013-07-26;Male;Outdoor
CR;;MT11;800;2:00.50;;Santos;Odair;BRA;1981;FRA;Lyon;2013-07-23;Male;Outdoor
CR;;MT12;800;1:50.02;;Sharov;Egor;RUS;1988;FRA;Lyon;2013-07-22;Male;Outdoor
CR;;MT13;800;1:51.60;;Baka;Fouad;ALG;1994;GBR;London;2017-07-22;Male;Outdoor
CR;;MT20;800;1:53.63;;Rabotnitskii;Aleksandr;RUS;1993;QAT;Doha;2015-10-28;Male;Outdoor
CR;;MT33;800;1:52.52;;Almutairi;Ahmad;KUW;1994;QAT;Doha;2015-10-25;Male;Outdoor
CR;;MT34;800;1:44.36;;Alhammadi;Mohamed;UAE;1985;UAE;Dubai;2019-11-15;Male;Outdoor
CR;;MT36;800;2:06.10;;Blake;Paul;GBR;1990;FRA;Lyon;2013-07-22;Male;Outdoor
CR;;MT37;800;1:57.17;;McKillop;Michael;IRL;1990;FRA;Lyon;2013-07-21;Male;Outdoor
CR;;MT38;800;1:59.50;;Pringle;Malcolm;RSA;1978;FRA;Villeneuve d'Ascq;2002-07-25;Male;Outdoor
CR;;MT44;800;2:07.18;;Andrews;Daniel;USA;1981;FRA;Villeneuve d'Ascq;2002-07-22;Male;Outdoor
CR;;MT46;800;1:53.14;;Nouioua;Samir;ALG;1985;NZL;Christchurch;2011-01-26;Male;Outdoor
CR;;MT51;800;2:56.33;;Blattman;Fabian;AUS;1958;GER;Berlin;1994-07-30;Male;Outdoor
CR;;MT52;800;1:59.52;;Martin;Raymond;USA;1994;FRA;Lyon;2013-07-21;Male;Outdoor
CR;;MT53;800;1:38.38;;Lakatos;Brent;CAN;1980;UAE;Dubai;2019-11-12;Male;Outdoor
CR;;MT54;800;1:32.81;;Romanchuk;Daniel;USA;1998;UAE;Dubai;2019-11-09;Male;Outdoor
CR;;MT11;1K5;4:04.70;;Santos;Odair;BRA;1981;NZL;Christchurch;2011-01-25;Male;Outdoor
CR;;MT12;1K5;3:47.78;;Clifford;Jaryd;AUS;1999;UAE;Dubai;2019-11-07;Male;Outdoor
CR;;MT13;1K5;3:49.30;;Baka;Abdellatif;ALG;1994;UAE;Dubai;2019-11-07;Male;Outdoor
CR;;MT20;1K5;3:53.05;;Brannigan;Michael;USA;1996;GBR;London;2017-07-17;Male;Outdoor
CR;;MT34;1K5;3:35.54;;Maeba;Kazuya;JPN;;GBR;Birmingham;1998-08-10;Male;Outdoor
CR;;MT36;1K5;4:32.89;;Arefyev;Artem;RUS;1984;FRA;Lyon;2013-07-24;Male;Outdoor
CR;;MT37;1K5;3:58.31;;Tissaoui;Amen Allah;TUN;2004;JPN;Kobe;2024-05-25;Male;Outdoor
CR;;MT38;1K5;4:02.04;;Tucker;Nate;CAN;1995;UAE;Dubai;2019-11-15;Male;Outdoor
CR;;MT46;1K5;3:50.87;;Stoyanov;Hristiyan;BUL;1998;UAE;Dubai;2019-11-07;Male;Outdoor
CR;;MT51;1K5;5:33.12;;Forni;Giuseppe;SUI;;GER;Berlin;1994-07-27;Male;Outdoor
CR;;MT52;1K5;3:39.99;;Sato;Tomoki;JPN;1989;UAE;Dubai;2019-11-15;Male;Outdoor
CR;;MT53;1K5;2:59.96;;Hug;Marcel;SUI;1986;FRA;Lyon;2013-07-25;Male;Outdoor
CR;;MT54;1K5;2:59.96;;Hug;Marcel;SUI;1986;FRA;Lyon;2013-07-25;Male;Outdoor
CR;;MT11;5K0;14:53.97;;Jacques;Yeltsin;BRA;1991;JPN;Kobe;2024-05-17;Male;Outdoor
CR;;MT12;5K0;14:24.48;;Koskei;Benard;KEN;1983;GBR;London;2017-07-16;Male;Outdoor
CR;;MT13;5K0;14:20.69;;Benibrahim;Youssef;MAR;1983;GBR;London;2017-07-16;Male;Outdoor
CR;;MT20;5K0;14:29.80;;Pereira;Cristiano;POR;1996;GBR;London;2017-07-23;Male;Outdoor
CR;;MT34;5K0;12:33.72;;Maeba;Kazuya;JPN;;GBR;Birmingham;1998-08-14;Male;Outdoor
CR;;MT35;5K0;22:18.52;;Sands;James;GBR;;GBR;Birmingham;1998-08-13;Male;Outdoor
CR;;MT36;5K0;18:41.28;;Gonzalez;Margaride;ESP;;GBR;Birmingham;1998-08-13;Male;Outdoor
CR;;MT37;5K0;17:04.98;;Bellel;Fawzi;ALG;;GBR;Birmingham;1998-08-13;Male;Outdoor
CR;;MT38;5K0;17:02.39;;Nethercott;John;GBR;1980;GBR;Birmingham;1998-08-13;Male;Outdoor
CR;;MT46;5K0;14:41.01;;Conde;Jose Javier;ESP;1964;GER;Berlin;1994-07-31;Male;Outdoor
CR;;MT51;5K0;18:42.49;;Forni;Giuseppe;SUI;;GER;Berlin;1994-07-24;Male;Outdoor
CR;;MT52;5K0;13:54.84;;Sanz;Santiago;ESP;1980;NED;Assen;2006-09-07;Male;Outdoor
CR;;MT53;5K0;10:20.16;;Hug;Marcel;SUI;1986;FRA;Lyon;2013-07-24;Male;Outdoor
CR;;MT54;5K0;10:20.16;;Hug;Marcel;SUI;1986;FRA;Lyon;2013-07-24;Male;Outdoor
CR;;MT11;10K;32:13.02;;Santos;Odair;BRA;1981;NZL;Christchurch;2011-01-23;Male;Outdoor
CR;;MT12;10K;29:38.85;;Chentouf;El Amin;MAR;1981;FRA;Lyon;2013-07-23;Male;Outdoor
CR;;MT13;10K;31:41.85;;Gomez;Said;PAN;1964;ESP;Madrid;1998-07-20;Male;Outdoor
CR;;MT46;10K;32:21.56;;Conde;Jose Javier;ESP;1964;GER;Berlin;1994-07-27;Male;Outdoor
CR;;MT51;10K;40:19.00;;Forni;Giuseppe;SUI;;GER;Berlin;1994-07-30;Male;Outdoor
CR;;MT52;10K;29:34.17;;Etzlstorfer;Christoph;AUT;1963;GER;Berlin;1994-07-31;Male;Outdoor
CR;;MT53;10K;22:16.83;;Hug;Marcel;SUI;1986;NZL;Christchurch;2011-01-22;Male;Outdoor
CR;;MT54;10K;22:16.83;;Hug;Marcel;SUI;1986;NZL;Christchurch;2011-01-22;Male;Outdoor
CR;;MT12;HOC;1.89;;Burdukou;Siarhei;BLR;1987;QAT;Doha;2015-10-25;Male;Outdoor
CR;;MT13;HOC;2.17;;Jean-Paul;Isaac;USA;1993;GBR;London;2017-07-18;Male;Outdoor
CR;;MT42;HOC;1.83;;Kumar;Sharad;IND;1992;UAE;Dubai;2019-11-14;Male;Outdoor
CR;;MT44;HOC;2.18;;Lepiato;Maciej;POL;1988;QAT;Doha;2015-10-30;Male;Outdoor
CR;;MT46;HOC;2.16;;Townsend;Roderick;USA;1992;FRA;Paris;2023-07-11;Male;Outdoor
CR;;MT47;HOC;2.16;;Townsend;Roderick;USA;1992;FRA;Paris;2023-07-11;Male;Outdoor
CR;;MT63;HOC;1.95;;Frech;Ezra;USA;2005;FRA;Paris;2023-07-13;Male;Outdoor
CR;;MT64;HOC;1.92;;Suzuki;Toru;JPN;1980;UAE;Dubai;2019-11-11;Male;Outdoor
CR;;MT11;WEI;6.45;-0.3;Gillette;Lex;USA;1984;UAE;Dubai;2019-11-10;Male;Outdoor
CR;;MT12;WEI;7.47;0.2;Saliev;Doniyor;UZB;1994;FRA;Paris;2023-07-12;Male;Outdoor
CR;;MT13;WEI;7.4;-1.8;Gutierrez Rivero;Luis Felipe;CUB;1988;GBR;London;2017-07-22;Male;Outdoor
CR;;MT20;WEI;7.39;0.9;Oberoi;Ranki;NED;1993;UAE;Dubai;2019-11-13;Male;Outdoor
CR;;MT36;WEI;5.75;0.5;Torsunov;Evgenii;RUS;1990;QAT;Doha;2015-10-27;Male;Outdoor
CR;;MT37;WEI;6.58;0.8;Shang;Guangxu;CHN;1995;GBR;London;2017-07-21;Male;Outdoor
CR;;MT38;WEI;7.13;1.6;Hu;Jianwen;CHN;1987;QAT;Doha;2015-10-25;Male;Outdoor
CR;;MT44;WEI;7.07;-1.3;Mhlongo;Mpumelelo;RSA;1994;UAE;Dubai;2019-11-13;Male;Outdoor
CR;;MT46;WEI;7.58;0.6;Assoumani;Arnaud;FRA;1985;NZL;Christchurch;2011-01-22;Male;Outdoor
CR;;MT47;WEI;7.58;0.6;Assoumani;Arnaud;FRA;1985;NZL;Christchurch;2011-01-22;Male;Outdoor
CR;;MT61;WEI;5.82;-0.6;Mahlangu;Ntando;RSA;2002;UAE;Dubai;2019-11-10;Male;Outdoor
CR;;MT62;WEI;6.73;-0.8;Malakopoulos;Stylianos;GRE;1996;UAE;Dubai;2019-11-13;Male;Outdoor
CR;;MT63;WEI;7.25;-0.1;Schaefer;Leon;GER;1997;FRA;Paris;2023-07-10;Male;Outdoor
CR;;MT64;WEI;8.4;1.8;Rehm;Markus;GER;1988;QAT;Doha;2015-10-23;Male;Outdoor
CR;;MT11;DRE;13.47;0.4;Rodriguez;Jose;ESP;1966;ESP;Madrid;1998-07-24;Male;Outdoor
CR;;MT12;DRE;15.09;0.8;Panyutin;Oleg;AZE;1983;NZL;Christchurch;2011-01-26;Male;Outdoor
CR;;MT13;DRE;15.28;0.8;Cepeda;Enrique;CUB;1963;ESP;Madrid;1998-07-20;Male;Outdoor
CR;;MT20;DRE;14.5;0.4;Prudnikov;Dmytro;UKR;1989;GBR;London;2017-07-18;Male;Outdoor
CR;;MT46;DRE;15.29;-0.2;Liu;Fuliang;CHN;1991;QAT;Doha;2015-10-26;Male;Outdoor
CR;;MT47;DRE;15.29;-0.2;Liu;Fuliang;CHN;1991;QAT;Doha;2015-10-26;Male;Outdoor
CR;;MF11;KUG;14.56;;Casinos Sierra;David;ESP;1972;FRA;Villeneuve d'Ascq;2002-07-23;Male;Outdoor
CR;;MF12;KUG;16.69;;Danyliuk;Roman;UKR;1993;UAE;Dubai;2019-11-10;Male;Outdoor
CR;;MF13;KUG;16.09;;Sun;Haitao;CHN;1979;FRA;Villeneuve d'Ascq;2002-07-25;Male;Outdoor
CR;;MF20;KUG;17.57;;Koval;Maksym;UKR;1996;FRA;Paris;2023-07-13;Male;Outdoor
CR;;MF32;KUG;13.01;;Liu;Li;CHN;1986;FRA;Paris;2023-07-13;Male;Outdoor
CR;;MF33;KUG;12.36;;Malykh;Evgenii;RUS;1988;QAT;Doha;2015-10-25;Male;Outdoor
CR;;MF34;KUG;12.17;;Hindi;Ahmad;JOR;1995;UAE;Dubai;2019-11-10;Male;Outdoor
CR;;MF35;KUG;17.32;;Norbekov;Khusniddin;UZB;1987;UAE;Dubai;2019-11-11;Male;Outdoor
CR;;MF36;KUG;16.86;;Guenichi;Yassine;TUN;1995;FRA;Paris;2023-07-13;Male;Outdoor
CR;;MF37;KUG;16.26;;Bilius;Mindaugas;LTU;1982;GBR;London;2017-07-23;Male;Outdoor
CR;;MF38;KUG;18.26;;Lemos Rivas;Jose Gregorio;COL;1991;FRA;Paris;2023-07-16;Male;Outdoor
CR;;MF40;KUG;10.88;;Gnezdilov;Denis;RUS;1986;UAE;Dubai;2019-11-14;Male;Outdoor
CR;;MF41;KUG;14.03;;Omonov;Bobirjon;UZB;2000;UAE;Dubai;2019-11-10;Male;Outdoor
CR;;MF42;KUG;17.52;;Davies;Aled;GBR;1991;GBR;London;2017-07-22;Male;Outdoor
CR;;MF46;KUG;16.8;;Cinnamo;Joshua;USA;1981;UAE;Dubai;2019-11-15;Male;Outdoor
CR;;MF52;KUG;10.23;;Apinis;Aigars;LAT;1973;FRA;Lyon;2013-07-23;Male;Outdoor
CR;;MF53;KUG;8.79;;Ochkhikidze;Giga;GEO;1990;JPN;Kobe;2024-05-19;Male;Outdoor
CR;;MF54;KUG;11.17;;Amiri;Hamed;IRI;1982;GBR;London;2017-07-20;Male;Outdoor
CR;;MF55;KUG;12.68;;Ruzhdi;Ruzhdi;BUL;1991;FRA;Paris;2023-07-09;Male;Outdoor
CR;;MF56;KUG;12.73;;Kirjonen;Aleksi;FIN;1993;FRA;Lyon;2013-07-26;Male;Outdoor
CR;;MF57;KUG;16.01;;Khosravi;Yasin;IRI;1992;FRA;Paris;2023-07-16;Male;Outdoor
CR;;MF63;KUG;15.1;;Habscheid;Tom;LUX;1986;UAE;Dubai;2019-11-10;Male;Outdoor
CR;;MF64;KUG;17.79;;Christiansen;Jackie;DEN;1977;NZL;Christchurch;2011-01-28;Male;Outdoor
CR;;MF11;DIS;46.1;;Da Silva;Alessandro Rodrigo;BRA;1984;UAE;Dubai;2019-11-13;Male;Outdoor
CR;;MF12;DIS;51.16;;Blom;Hermanus;RSA;1986;GBR;London;2017-07-23;Male;Outdoor
CR;;MF13;DIS;51.61;;Iasynovyi;Oleksandr;UKR;1966;FRA;Villeneuve d'Ascq;2002-07-22;Male;Outdoor
CR;;MF35;DIS;49.39;;Guo;Wei;CHN;1982;NED;Assen;2006-09-09;Male;Outdoor
CR;;MF36;DIS;42.18;;Dietz;Sebastian;GER;1985;FRA;Lyon;2013-07-22;Male;Outdoor
CR;;MF37;DIS;55.71;;Zhabnyak;Mykola;UKR;1979;FRA;Lyon;2013-07-21;Male;Outdoor
CR;;MF38;DIS;46.53;;Hardani;Javad;IRI;1984;NZL;Christchurch;2011-01-23;Male;Outdoor
CR;;MF42;DIS;51.54;;Davies;Aled;GBR;1991;GBR;London;2017-07-16;Male;Outdoor
CR;;MF43;DIS;59.13;;Stewart;Akeem;TTO;1992;QAT;Doha;2015-10-22;Male;Outdoor
CR;;MF46;DIS;52.64;;Hou;Zhanbiao;CHN;1986;QAT;Doha;2015-10-24;Male;Outdoor
CR;;MF51;DIS;13.17;;Berrahal;Mohamed;ALG;1979;QAT;Doha;2015-10-25;Male;Outdoor
CR;;MF52;DIS;23.8;;Rocha;Andre;BRA;1977;GBR;London;2017-07-18;Male;Outdoor
CR;;MF53;DIS;26.38;;Cunningham;Alphanso;JAM;1980;FRA;Lyon;2013-07-22;Male;Outdoor
CR;;MF54;DIS;32.25;;Mitrovic;Drazenko;SRB;1979;FRA;Lyon;2013-07-21;Male;Outdoor
CR;;MF55;DIS;39.47;;Duric;Nebojsa;SRB;1987;UAE;Dubai;2019-11-11;Male;Outdoor
CR;;MF56;DIS;45.92;;Batista dos Santos;Claudiney;BRA;1978;UAE;Dubai;2019-11-11;Male;Outdoor
CR;;MF57;DIS;46.58;;Paulino dos Santos;Thiago;BRA;1985;GBR;London;2017-07-22;Male;Outdoor
CR;;MF64;DIS;63.66;;Campbell;Jeremy;USA;1987;GBR;London;2017-07-16;Male;Outdoor
CR;;MF11;SPE;50.6;;Marinkovic;Bil;AUT;1973;NED;Assen;2006-09-08;Male;Outdoor
CR;;MF12;SPE;64.89;;Cabrera Llacer;Hector;ESP;1994;UAE;Dubai;2019-11-13;Male;Outdoor
CR;;MF13;SPE;71.01;;Svechnikov;Aleksandr;UZB;1998;GBR;London;2017-07-19;Male;Outdoor
CR;;MF34;SPE;40.27;;Afrooz;Saeid;IRI;1990;FRA;Paris;2023-07-14;Male;Outdoor
CR;;MF35;SPE;51.62;;Guo;Wei;CHN;1982;NZL;Christchurch;2011-01-22;Male;Outdoor
CR;;MF36;SPE;42.2;;Piotrowski;Pawel;POL;1985;NZL;Christchurch;2011-01-22;Male;Outdoor
CR;;MF37;SPE;55.89;;Silovs;Dmitrijs;LAT;1989;GBR;London;2017-07-19;Male;Outdoor
CR;;MF38;SPE;56.28;;Anderson;Corey;AUS;2000;UAE;Dubai;2019-11-09;Male;Outdoor
CR;;MF40;SPE;38.9;;Naas;Ahmed;IRQ;1992;GBR;London;2017-07-17;Male;Outdoor
CR;;MF41;SPE;48.94;;Sun;Pengxiang;CHN;1991;JPN;Kobe;2024-05-25;Male;Outdoor
CR;;MF43;SPE;62.09;;Singh;Pushpendra;IND;2000;FRA;Paris;2023-07-13;Male;Outdoor
CR;;MF44;SPE;66.49;;Kodithuwakku;Dulan;SRI;1990;JPN;Kobe;2024-05-21;Male;Outdoor
CR;;MF46;SPE;61.89;;Guo;Chunliang;CHN;1985;QAT;Doha;2015-10-27;Male;Outdoor
CR;;MF52;SPE;18.58;;Martin;Peter;NZL;1962;NED;Assen;2006-09-06;Male;Outdoor
CR;;MF53;SPE;24.3;;Cunningham;Alphanso;JAM;1980;FRA;Lyon;2013-07-26;Male;Outdoor
CR;;MF54;SPE;29.77;;Amiri;Hamed;IRI;1982;UAE;Dubai;2019-11-13;Male;Outdoor
CR;;MF55;SPE;32.01;;Yuseinov;Mustafa;BUL;1970;QAT;Doha;2015-10-26;Male;Outdoor
CR;;MF56;SPE;39.8;;Batista dos Santos;Claudiney;BRA;1978;UAE;Dubai;2019-11-14;Male;Outdoor
CR;;MF57;SPE;49.26;;Lins Nobre;Cicero Valdiran;BRA;1992;UAE;Dubai;2019-11-14;Male;Outdoor
CR;;MF63;SPE;56.74;;Sveinsson;Helgi;ISL;1979;GBR;London;2017-07-18;Male;Outdoor
CR;;MF64;SPE;70.83;;;Sumit;IND;1998;FRA;Paris;2023-07-13;Male;Outdoor
CR;;MF32;KEU;46.6;;Bo;Qing;CHN;1998;FRA;Paris;2023-07-10;Male;Outdoor
CR;;MF51;KEU;33.82;;Dimitrijevic;Zeljko;SRB;1971;UAE;Dubai;2019-11-10;Male;Outdoor
CR;;WT11;100;0:12.13;0.3;Guilhermina;Terezinha;BRA;1978;NZL;Christchurch;2011-01-24;Female;Outdoor
CR;;WT12;100;0:11.48;0;Durand Elias;Omara;CUB;1991;QAT;Doha;2015-10-28;Female;Outdoor
CR;;WT13;100;0:12.00;0;Adzhametova;Leilia;UKR;1994;GBR;London;2017-07-17;Female;Outdoor
CR;;WT33;100;0:22.99;0.5;Messer;Kristen;USA;1987;FRA;Lyon;2013-07-22;Female;Outdoor
CR;;WT34;100;0:16.77;1.4;Cockroft;Hannah;GBR;1992;UAE;Dubai;2019-11-10;Female;Outdoor
CR;;WT35;100;0:13.43;0.9;Holt;Isis;AUS;2001;GBR;London;2017-07-19;Female;Outdoor
CR;;WT36;100;0:13.35;0.7;Shi;Yiting;CHN;1997;JPN;Kobe;2024-05-20;Female;Outdoor
CR;;WT37;100;0:12.27;1.9;Wen;Xiaoyan;CHN;1997;JPN;Kobe;2024-05-21;Female;Outdoor
CR;;WT38;100;0:12.38;1;Hahn;Sophie;GBR;1997;UAE;Dubai;2019-11-12;Female;Outdoor
CR;;WT42;100;0:14.72;1.8;Tiarani;Karisma Evi;INA;2001;UAE;Dubai;2019-11-13;Female;Outdoor
CR;;WT46;100;0:11.89;0.5;Mason;Brittni;USA;1998;UAE;Dubai;2019-11-12;Female;Outdoor
CR;;WT47;100;0:11.89;0.5;Mason;Brittni;USA;1998;UAE;Dubai;2019-11-12;Female;Outdoor
CR;;WT51;100;0:32.15;?;Barghouti;Maha;JOR;;GBR;Birmingham;1998-08-15;Female;Outdoor
CR;;WT52;100;0:20.35;-1.9;Stilwell;Michelle;CAN;1974;NZL;Christchurch;2011-01-22;Female;Outdoor
CR;;WT53;100;0:16.26;1.1;Gao;Fang;CHN;1988;UAE;Dubai;2019-11-08;Female;Outdoor
CR;;WT54;100;0:16.00;0.8;Kotaja;Amanda;FIN;1995;UAE;Dubai;2019-11-08;Female;Outdoor
CR;;WT62;100;0:12.90;2;Andres Barrio;Sara;ESP;1986;UAE;Dubai;2019-11-12;Female;Outdoor
CR;;WT63;100;0:13.98;0.6;Sabatini;Ambra;ITA;2002;FRA;Paris;2023-07-13;Female;Outdoor
CR;;WT64;100;0:12.78;2;van Gansewinkel;Marlene;NED;1995;UAE;Dubai;2019-11-12;Female;Outdoor
CR;;WT72;100;0:17.07;0.5;Strong;Maria;AUS;1971;FRA;Paris;2023-07-09;Female;Outdoor
CR;;WT11;200;0:24.36;1.5;Liu;Cuiqing;CHN;1991;JPN;Kobe;2024-05-25;Female;Outdoor
CR;;WT12;200;0:23.03;1.4;Durand Elias;Omara;CUB;1991;QAT;Doha;2015-10-25;Female;Outdoor
CR;;WT13;200;0:24.24;-0.6;Durand Elias;Omara;CUB;1991;NZL;Christchurch;2011-01-26;Female;Outdoor
CR;;WT33;200;0:41.74;-1.2;Messer;Kristen;USA;1987;FRA;Lyon;2013-07-20;Female;Outdoor
CR;;WT34;200;0:31.78;-1.2;Cockroft;Hannah;GBR;1992;FRA;Lyon;2013-07-20;Female;Outdoor
CR;;WT35;200;0:28.47;0.3;Holt;Isis;AUS;2001;GBR;London;2017-07-16;Female;Outdoor
CR;;WT36;200;0:27.47;-0.1;Aitchison;Danielle;NZL;2001;JPN;Kobe;2024-05-23;Female;Outdoor
CR;;WT37;200;0:25.75;1;Wen;Xiaoyan;CHN;1997;JPN;Kobe;2024-05-25;Female;Outdoor
CR;;WT38;200;0:25.78;-0.3;Ekler;Luca;HUN;1998;FRA;Paris;2023-07-14;Female;Outdoor
CR;;WT44;200;0:26.93;-1.9;Bensusan;Irmgard;GER;1991;UAE;Dubai;2019-11-09;Female;Outdoor
CR;;WT46;200;0:24.47;0.7;Young;Deja;USA;1996;UAE;Dubai;2019-11-13;Female;Outdoor
CR;;WT47;200;0:24.47;0.7;Young;Deja;USA;1996;UAE;Dubai;2019-11-13;Female;Outdoor
CR;;WT51;200;1:00.29;?;Barghouti;Maha;JOR;;GER;Berlin;1994-07-30;Female;Outdoor
CR;;WT52;200;0:35.71;-2.6;Stilwell;Michelle;CAN;1974;FRA;Lyon;2013-07-27;Female;Outdoor
CR;;WT53;200;0:28.61;0.5;Kinghorn;Samantha;GBR;1996;GBR;London;2017-07-15;Female;Outdoor
CR;;WT54;200;0:28.08;0.4;McFadden;Tatyana;USA;1989;GBR;London;2017-07-15;Female;Outdoor
CR;;WT64;200;0:25.73;1.6;van Gansewinkel;Marlene;NED;1995;JPN;Kobe;2024-05-25;Female;Outdoor
CR;;WT11;400;0:56.56;;Guilhermina;Terezinha;BRA;1978;FRA;Lyon;2013-07-25;Female;Outdoor
CR;;WT12;400;0:52.75;;Durand Elias;Omara;CUB;1991;GBR;London;2017-07-19;Female;Outdoor
CR;;WT13;400;0:54.87;;Durand Elias;Omara;CUB;1991;NZL;Christchurch;2011-01-29;Female;Outdoor
CR;;WT20;400;0:55.07;;Jeevanji;Deepthi;IND;2003;JPN;Kobe;2024-05-20;Female;Outdoor
CR;;WT33;400;1:26.62;;Rice;Mary;IRL;1980;GBR;Birmingham;1998-08-12;Female;Outdoor
CR;;WT34;400;0:58.29;;Cockroft;Hannah;GBR;1992;GBR;London;2017-07-20;Female;Outdoor
CR;;WT36;400;1:23.48;;Samaritaki;Eleni;GRE;1965;GBR;Birmingham;1998-08-15;Female;Outdoor
CR;;WT37;400;1:00.29;;Hermitage;Georgina;GBR;1989;GBR;London;2017-07-20;Female;Outdoor
CR;;WT38;400;0:59.40;;Palomeque Moreno;Karen Tatiana;COL;1994;JPN;Kobe;2024-05-25;Female;Outdoor
CR;;WT46;400;0:55.79;;Weyers;Anrune;RSA;1992;UAE;Dubai;2019-11-10;Female;Outdoor
CR;;WT47;400;0:55.79;;Weyers;Anrune;RSA;1992;UAE;Dubai;2019-11-10;Female;Outdoor
CR;;WT52;400;1:08.40;;Vervoort;Marieke;BEL;1979;QAT;Doha;2015-10-31;Female;Outdoor
CR;;WT53;400;0:55.22;;Zhou;Hongzhuan;CHN;1988;GBR;London;2017-07-19;Female;Outdoor
CR;;WT54;400;0:52.97;;McFadden;Tatyana;USA;1989;GBR;London;2017-07-16;Female;Outdoor
CR;;WT64;400;0:59.30;;Le Fur;Marie-Amelie;FRA;1988;QAT;Doha;2015-10-28;Female;Outdoor
CR;;WT11;800;2:19.15;;Mazur-Dziedzic;Joanna;POL;1990;GBR;London;2017-07-18;Female;Outdoor
CR;;WT12;800;2:14.60;;El Hannouni;Assia;FRA;1981;NED;Assen;2006-09-05;Female;Outdoor
CR;;WT13;800;2:30.12;;Tchourkina;Olga;RUS;1973;GER;Berlin;1994-07-28;Female;Outdoor
CR;;WT20;800;2:20.51;;Biacsi;Bernadett;HUN;1985;GBR;London;2017-07-23;Female;Outdoor
CR;;WT33;800;2:52.46;;Rice;Mary;IRL;1980;NED;Assen;1998-08-13;Female;Outdoor
CR;;WT34;800;1:57.27;;Cockroft;Hannah;GBR;1992;UAE;Dubai;2019-11-14;Female;Outdoor
CR;;WT37;800;2:46.76;;Verstengen;Siw;NOR;;GER;Berlin;1994-07-31;Female;Outdoor
CR;;WT44;800;2:42.92;;Bruno;Kelly;USA;1984;FRA;Villeneuve d'Ascq;2002-07-24;Female;Outdoor
CR;;WT46;800;2:12.42;;Vassilieva;Lioubov;RUS;1971;FRA;Villeneuve d'Ascq;2002-07-24;Female;Outdoor
CR;;WT52;800;2:14.79;;Stilwell;Michelle;CAN;1974;FRA;Lyon;2013-07-25;Female;Outdoor
CR;;WT53;800;1:52.15;;de Rozario;Madison;AUS;1993;UAE;Dubai;2019-11-12;Female;Outdoor
CR;;WT54;800;1:44.44;;McFadden;Tatyana;USA;1989;FRA;Lyon;2013-07-23;Female;Outdoor
CR;;WT11;1K5;4:31.77;;Tesfaw;Yayesh Gate;ETH;1997;JPN;Kobe;2024-05-18;Female;Outdoor
CR;;WT12;1K5;4:37.02;;Batalova;Rima;RUS;1964;GER;Berlin;1994-07-25;Female;Outdoor
CR;;WT13;1K5;4:33.51;;Bousaid;Somaya;TUN;1980;QAT;Doha;2015-10-30;Female;Outdoor
CR;;WT20;1K5;4:28.58;;Bieganowska-Zajac;Barbara;POL;1981;QAT;Doha;2015-10-24;Female;Outdoor
CR;;WT37;1K5;5:40.12;;Verstengen;Siw;NOR;;GER;Berlin;1994-07-28;Female;Outdoor
CR;;WT52;1K5;4:57.37;;Greuter;Ursina;SUI;1962;GBR;Birmingham;1998-08-10;Female;Outdoor
CR;;WT53;1K5;3:25.23;;McFadden;Tatyana;USA;1989;GBR;London;2017-07-17;Female;Outdoor
CR;;WT54;1K5;3:25.23;;McFadden;Tatyana;USA;1989;GBR;London;2017-07-17;Female;Outdoor
CR;;WT11;5K0;22:39.18;;Markeviciene;Sigita;LTU;1962;ESP;Madrid;1998-07-25;Female;Outdoor
CR;;WT12;5K0;20:01.81;;Fiuza;Maria;POR;1972;ESP;Madrid;1998-07-25;Female;Outdoor
CR;;WT53;5K0;11:51.98;;Schaer;Manuela;SUI;1984;FRA;Lyon;2013-07-20;Female;Outdoor
CR;;WT54;5K0;11:51.98;;Schaer;Manuela;SUI;1984;FRA;Lyon;2013-07-20;Female;Outdoor
CR;;WT53;10K;24:27.77;;Driscoll;Jean;USA;;GER;Berlin;1994-07-30;Female;Outdoor
CR;;WT54;10K;24:27.77;;Driscoll;Jean;USA;;GER;Berlin;1994-07-30;Female;Outdoor
CR;;WT12;HOC;1.55;;Kannus-Silm;Helena;EST;1967;ESP;Madrid;1998-07-24;Female;Outdoor
CR;;WT13;HOC;1.58;;Chevelova;Olga;RUS;1970;GER;Berlin;1994-07-29;Female;Outdoor
CR;;WT46;HOC;1.65;;Bader-Bille;Catherine;GER;1965;GBR;Birmingham;1998-08-10;Female;Outdoor
CR;;WT47;HOC;1.65;;Bader-Bille;Catherine;GER;1965;GBR;Birmingham;1998-08-10;Female;Outdoor
CR;;WT11;WEI;5.04;-2.2;Costa de Oliveira;Silvania;BRA;1987;QAT;Doha;2015-10-29;Female;Outdoor
CR;;WT12;WEI;6.51;0.7;Zubkovska;Oksana;UKR;1981;FRA;Lyon;2013-07-25;Female;Outdoor
CR;;WT13;WEI;5.76;0.9;Hayes;Ilse;RSA;1985;FRA;Lyon;2013-07-25;Female;Outdoor
CR;;WT20;WEI;6.21;-0.9;Kucharczyk-Urbanska;Karolina;POL;1991;UAE;Dubai;2019-11-14;Female;Outdoor
CR;;WT37;WEI;5.22;1.7;Wen;Xiaoyan;CHN;1997;UAE;Dubai;2019-11-10;Female;Outdoor
CR;;WT38;WEI;5.31;-1.3;Ekler;Luca;HUN;1998;UAE;Dubai;2019-11-09;Female;Outdoor
CR;;WT46;WEI;6.23;1.3;Rodriguez;Kiara;ECU;2002;FRA;Paris;2023-07-16;Female;Outdoor
CR;;WT47;WEI;6.23;1.3;Rodriguez;Kiara;ECU;2002;FRA;Paris;2023-07-16;Female;Outdoor
CR;;WT61;WEI;4.68;-0.6;Low;Vanessa;AUS;1990;UAE;Dubai;2019-11-12;Female;Outdoor
CR;;WT62;WEI;5.16;-0.5;Jong;Fleur;NED;1995;UAE;Dubai;2019-11-11;Female;Outdoor
CR;;WT63;WEI;4.41;-0.6;Haenen;Gitte;BEL;1986;UAE;Dubai;2019-11-12;Female;Outdoor
CR;;WT64;WEI;5.74;1.4;Le Fur;Marie-Amelie;FRA;1988;QAT;Doha;2015-10-22;Female;Outdoor
CR;;WT20;DRE;11.67;-0.3;Ristoski;Mikela;CRO;1989;QAT;Doha;2015-10-30;Female;Outdoor
CR;;WF11;KUG;16.79;;Legnante;Assunta;ITA;1978;FRA;Lyon;2013-07-24;Female;Outdoor
CR;;WF12;KUG;14.97;;Burkhanova;Safiya;UZB;1989;UAE;Dubai;2019-11-08;Female;Outdoor
CR;;WF13;KUG;13.05;;Sivakova;Tamara;BLR;1965;ESP;Madrid;1998-07-25;Female;Outdoor
CR;;WF20;KUG;14.73;;Fortune;Sabrina;GBR;1997;JPN;Kobe;2024-05-19;Female;Outdoor
CR;;WF32;KUG;6.92;;Moskalenko;Anastasiia;UKR;2000;UAE;Dubai;2019-11-11;Female;Outdoor
CR;;WF33;KUG;7.81;;Kornobys;Lucyna;POL;1978;UAE;Dubai;2019-11-15;Female;Outdoor
CR;;WF34;KUG;9.25;;Zou;Lijuan;CHN;1994;FRA;Paris;2023-07-12;Female;Outdoor
CR;;WF35;KUG;13.05;;Pomazan;Mariia;UKR;1988;QAT;Doha;2015-10-27;Female;Outdoor
CR;;WF36;KUG;11.19;;Kober;Birgit;GER;1971;UAE;Dubai;2019-11-12;Female;Outdoor
CR;;WF37;KUG;14.8;;Adams;Lisa;NZL;1990;UAE;Dubai;2019-11-09;Female;Outdoor
CR;;WF38;KUG;12.15;;Grigaliuniene;Aldona;LTU;1955;NED;Assen;2006-09-07;Female;Outdoor
CR;;WF40;KUG;9.21;;Sliwinska;Renata;POL;1996;FRA;Paris;2023-07-17;Female;Outdoor
CR;;WF41;KUG;10.33;;Tlili;Raoua;TUN;1989;UAE;Dubai;2019-11-14;Female;Outdoor
CR;;WF42;KUG;11.64;;Nwachukwu;Goodness Chiemerie;NGR;1998;FRA;Paris;2023-07-15;Female;Outdoor
CR;;WF43;KUG;8.69;;Deouwi;Madeleine;FRA;;GER;Berlin;1994-07-27;Female;Outdoor
CR;;WF44;KUG;13.14;;Yao;Juan;CHN;1984;QAT;Doha;2015-10-28;Female;Outdoor
CR;;WF46;KUG;13.32;;Malkamaki;Noelle;USA;2001;FRA;Paris;2023-07-14;Female;Outdoor
CR;;WF52;KUG;5.79;;Mitchell;Cassie;USA;1981;FRA;Lyon;2013-07-27;Female;Outdoor
CR;;WF53;KUG;7.75;;Rodrigues Gomes;Elizabeth;BRA;1965;FRA;Paris;2023-07-12;Female;Outdoor
CR;;WF54;KUG;8.19;;Mardones;Francisca;CHI;1977;UAE;Dubai;2019-11-12;Female;Outdoor
CR;;WF55;KUG;8.81;;Buggenhagen;Marianne;GER;1953;FRA;Villeneuve d'Ascq;2002-07-24;Female;Outdoor
CR;;WF56;KUG;9.68;;Medjmedj;Nadia;ALG;1974;GBR;London;2017-07-23;Female;Outdoor
CR;;WF57;KUG;11.62;;Djelal;Safia;ALG;1983;JPN;Kobe;2024-05-23;Female;Outdoor
CR;;WF63;KUG;10.64;;Nouchet;Alexandra;FRA;1998;JPN;Kobe;2024-05-23;Female;Outdoor
CR;;WF64;KUG;9.71;;Kotlowska;Faustyna;POL;2001;UAE;Dubai;2019-11-13;Female;Outdoor
CR;;WF11;DIS;40.42;;Zhang;Liangmin;CHN;1985;NZL;Christchurch;2011-01-22;Female;Outdoor
CR;;WF12;DIS;45.35;;Oksem;Sofia;RUS;1994;QAT;Doha;2015-10-29;Female;Outdoor
CR;;WF13;DIS;41.24;;Sivakova;Tamara;BLR;1965;ESP;Madrid;1998-07-25;Female;Outdoor
CR;;WF35;DIS;31.42;;Pomazan;Mariia;UKR;1988;FRA;Lyon;2013-07-25;Female;Outdoor
CR;;WF36;DIS;25.78;;Wu;Qing;CHN;1988;FRA;Lyon;2013-07-25;Female;Outdoor
CR;;WF37;DIS;37.5;;Mi;Na;CHN;1986;UAE;Dubai;2019-11-12;Female;Outdoor
CR;;WF38;DIS;38.82;;Kruger;Simone;RSA;2005;JPN;Kobe;2024-05-25;Female;Outdoor
CR;;WF40;DIS;24.65;;Sliwinska;Renata;POL;1996;UAE;Dubai;2019-11-12;Female;Outdoor
CR;;WF41;DIS;34.48;;Tlili;Raoua;TUN;1989;UAE;Dubai;2019-11-12;Female;Outdoor
CR;;WF42;DIS;25.88;;Vukovic;Jelena;CRO;1975;GBR;Birmingham;1998-08-12;Female;Outdoor
CR;;WF43;DIS;25.12;;Washington;Fawn;USA;1987;QAT;Doha;2015-10-25;Female;Outdoor
CR;;WF44;DIS;43.39;;Yao;Juan;CHN;1984;QAT;Doha;2015-10-25;Female;Outdoor
CR;;WF46;DIS;40.19;;Wu;Hong Ping;CHN;1970;FRA;Villeneuve d'Ascq;2002-07-25;Female;Outdoor
CR;;WF51;DIS;13.52;;Ovsii;Zoia;UKR;1994;UAE;Dubai;2019-11-14;Female;Outdoor
CR;;WF52;DIS;16.89;;Rodrigues Gomes;Elizabeth;BRA;1965;UAE;Dubai;2019-11-14;Female;Outdoor
CR;;WF53;DIS;17.12;;Rodrigues Gomes;Elizabeth;BRA;1965;FRA;Paris;2023-07-12;Female;Outdoor
CR;;WF54;DIS;19.36;;Yang;Liwan;CHN;1978;UAE;Dubai;2019-11-15;Female;Outdoor
CR;;WF55;DIS;27.48;;Buggenhagen;Marianne;GER;1953;FRA;Villeneuve d'Ascq;2002-07-26;Female;Outdoor
CR;;WF56;DIS;25.93;;Medjmedj;Nadia;ALG;1974;GBR;London;2017-07-15;Female;Outdoor
CR;;WF57;DIS;35.76;;Saifi;Nassima;ALG;1988;UAE;Dubai;2019-11-09;Female;Outdoor
CR;;WF11;SPE;26.05;;Zhong;Huimin;CHN;1994;GBR;London;2017-07-18;Female;Outdoor
CR;;WF12;SPE;46;;Zhao;Yuping;CHN;1994;UAE;Dubai;2019-11-11;Female;Outdoor
CR;;WF13;SPE;41.25;;Kayumova;Nozimakhon;UZB;1992;GBR;London;2017-07-17;Female;Outdoor
CR;;WF33;SPE;16.99;;Kornobys;Lucyna;POL;1978;UAE;Dubai;2019-11-10;Female;Outdoor
CR;;WF34;SPE;20.67;;Zou;Lijuan;CHN;1994;GBR;London;2017-07-23;Female;Outdoor
CR;;WF35;SPE;20.6;;Chilewska;Renata;POL;1966;NED;Assen;2006-09-03;Female;Outdoor
CR;;WF36;SPE;17.35;;Proudfoot;Katherine;AUS;1977;NED;Assen;2006-09-03;Female;Outdoor
CR;;WF37;SPE;37.03;;Santos de Souza Coelho;Shirlene;BRA;1981;QAT;Doha;2015-10-29;Female;Outdoor
CR;;WF38;SPE;28.63;;Adomaitiene;Ramune;LTU;1968;NZL;Christchurch;2011-01-26;Female;Outdoor
CR;;WF42;SPE;30.08;;Zheng;Baozhu;CHN;1969;NED;Assen;2006-09-03;Female;Outdoor
CR;;WF44;SPE;39.41;;Yao;Juan;CHN;1984;FRA;Villeneuve d'Ascq;2002-07-23;Female;Outdoor
CR;;WF46;SPE;44.73;;Arnold;Hollie;GBR;1994;UAE;Dubai;2019-11-11;Female;Outdoor
CR;;WF52;SPE;8.99;;Ochoa Delgado;Leticia;MEX;1979;FRA;Lyon;2013-07-23;Female;Outdoor
CR;;WF53;SPE;11.55;;Salas Marin;Maria Estela;MEX;1969;NED;Assen;2006-09-07;Female;Outdoor
CR;;WF54;SPE;20.73;;Kurbanova;Nurkhon;UZB;1994;JPN;Kobe;2024-05-24;Female;Outdoor
CR;;WF55;SPE;27.07;;Krumina;Diana;LAT;1986;GBR;London;2017-07-17;Female;Outdoor
CR;;WF56;SPE;23.32;;Willing;Martina;GER;1959;FRA;Villeneuve d'Ascq;2002-07-21;Female;Outdoor
CR;;WF31;KEU;17.92;;Frioua;Hind;MAR;1995;UAE;Dubai;2019-11-08;Female;Outdoor
CR;;WF32;KEU;24.45;;Ibrahmi;Maroua;TUN;1988;UAE;Dubai;2019-11-08;Female;Outdoor
CR;;WF51;KEU;25.23;;Ovsii;Zoia;UKR;1994;UAE;Dubai;2019-11-11;Female;Outdoor
